<?xml version="1.0" encoding="UTF-8"?>
<configurationDescriptor version="100">
  <logicalFolder name="root" displayName="root" projectFiles="true" kind="ROOT">
    <logicalFolder name="HeaderFiles"
                   displayName="Header Files"
                   projectFiles="true">
      <itemPath>header/codec.h</itemPath>
      <itemPath>header/decode_fft.h</itemPath>
      <itemPath>header/decode_harmonics.h</itemPath>
      <itemPath>header/decode_index.h</itemPath>
      <itemPath>header/defines.h</itemPath>
      <itemPath>header/encode_fft.h</itemPath>
      <itemPath>header/encode_harmonics.h</itemPath>
      <itemPath>header/encode_index.h</itemPath>
      <itemPath>header/encode_pitch.h</itemPath>
      <itemPath>header/encode_vqbest.h</itemPath>
    </logicalFolder>
    <logicalFolder name="ResourceFiles"
                   displayName="Resource Files"
                   projectFiles="true">
    </logicalFolder>
    <logicalFolder name="SourceFiles"
                   displayName="Source Files"
                   projectFiles="true">
      <itemPath>src/codec.c</itemPath>
      <itemPath>src/constants.c</itemPath>
      <itemPath>src/decode_fft.c</itemPath>
      <itemPath>src/decode_harmonics.c</itemPath>
      <itemPath>src/decode_index.c</itemPath>
      <itemPath>src/encode_fft.c</itemPath>
      <itemPath>src/encode_harmonics.c</itemPath>
      <itemPath>src/encode_index.c</itemPath>
      <itemPath>src/encode_pitch.c</itemPath>
      <itemPath>src/encode_vqbest.c</itemPath>
    </logicalFolder>
    <logicalFolder name="TestFiles"
                   displayName="Test Files"
                   projectFiles="false"
                   kind="TEST_LOGICAL_FOLDER">
    </logicalFolder>
    <logicalFolder name="ExternalFiles"
                   displayName="Important Files"
                   projectFiles="false"
                   kind="IMPORTANT_FILES_FOLDER">
      <itemPath>Makefile</itemPath>
    </logicalFolder>
  </logicalFolder>
  <projectmakefile>Makefile</projectmakefile>
  <confs>
    <conf name="Debug" type="2">
      <toolsSet>
        <compilerSet>default</compilerSet>
        <dependencyChecking>true</dependencyChecking>
        <rebuildPropChanged>false</rebuildPropChanged>
      </toolsSet>
      <compileType>
        <cTool>
          <standard>3</standard>
          <incDir>
            <pElem>header</pElem>
          </incDir>
          <commandLine>-O2 -fsingle-precision-constant</commandLine>
        </cTool>
        <linkerTool>
          <linkerLibItems>
            <linkerLibStdlibItem>Mathematics</linkerLibStdlibItem>
          </linkerLibItems>
        </linkerTool>
      </compileType>
      <item path="header/codec.h" ex="false" tool="3" flavor2="0">
      </item>
      <item path="header/decode_fft.h" ex="false" tool="3" flavor2="0">
      </item>
      <item path="header/decode_harmonics.h" ex="false" tool="3" flavor2="0">
      </item>
      <item path="header/decode_index.h" ex="false" tool="3" flavor2="0">
      </item>
      <item path="header/defines.h" ex="false" tool="3" flavor2="0">
      </item>
      <item path="header/encode_fft.h" ex="false" tool="3" flavor2="0">
      </item>
      <item path="header/encode_harmonics.h" ex="false" tool="3" flavor2="0">
      </item>
      <item path="header/encode_index.h" ex="false" tool="3" flavor2="0">
      </item>
      <item path="header/encode_pitch.h" ex="false" tool="3" flavor2="0">
      </item>
      <item path="header/encode_vqbest.h" ex="false" tool="3" flavor2="0">
      </item>
      <item path="src/codec.c" ex="false" tool="0" flavor2="0">
      </item>
      <item path="src/constants.c" ex="false" tool="0" flavor2="0">
      </item>
      <item path="src/decode_fft.c" ex="false" tool="0" flavor2="0">
      </item>
      <item path="src/decode_harmonics.c" ex="false" tool="0" flavor2="0">
      </item>
      <item path="src/decode_index.c" ex="false" tool="0" flavor2="0">
      </item>
      <item path="src/encode_fft.c" ex="false" tool="0" flavor2="0">
      </item>
      <item path="src/encode_harmonics.c" ex="false" tool="0" flavor2="0">
      </item>
      <item path="src/encode_index.c" ex="false" tool="0" flavor2="0">
      </item>
      <item path="src/encode_pitch.c" ex="false" tool="0" flavor2="0">
      </item>
      <item path="src/encode_vqbest.c" ex="false" tool="0" flavor2="0">
      </item>
    </conf>
    <conf name="Release" type="2">
      <toolsSet>
        <compilerSet>default</compilerSet>
        <dependencyChecking>true</dependencyChecking>
        <rebuildPropChanged>false</rebuildPropChanged>
      </toolsSet>
      <compileType>
        <cTool>
          <developmentMode>5</developmentMode>
        </cTool>
        <ccTool>
          <developmentMode>5</developmentMode>
        </ccTool>
        <fortranCompilerTool>
          <developmentMode>5</developmentMode>
        </fortranCompilerTool>
        <asmTool>
          <developmentMode>5</developmentMode>
        </asmTool>
      </compileType>
      <item path="header/codec.h" ex="false" tool="3" flavor2="0">
      </item>
      <item path="header/decode_fft.h" ex="false" tool="3" flavor2="0">
      </item>
      <item path="header/decode_harmonics.h" ex="false" tool="3" flavor2="0">
      </item>
      <item path="header/decode_index.h" ex="false" tool="3" flavor2="0">
      </item>
      <item path="header/defines.h" ex="false" tool="3" flavor2="0">
      </item>
      <item path="header/encode_fft.h" ex="false" tool="3" flavor2="0">
      </item>
      <item path="header/encode_harmonics.h" ex="false" tool="3" flavor2="0">
      </item>
      <item path="header/encode_index.h" ex="false" tool="3" flavor2="0">
      </item>
      <item path="header/encode_pitch.h" ex="false" tool="3" flavor2="0">
      </item>
      <item path="header/encode_vqbest.h" ex="false" tool="3" flavor2="0">
      </item>
      <item path="src/codec.c" ex="false" tool="0" flavor2="0">
      </item>
      <item path="src/constants.c" ex="false" tool="0" flavor2="0">
      </item>
      <item path="src/decode_fft.c" ex="false" tool="0" flavor2="0">
      </item>
      <item path="src/decode_harmonics.c" ex="false" tool="0" flavor2="0">
      </item>
      <item path="src/decode_index.c" ex="false" tool="0" flavor2="0">
      </item>
      <item path="src/encode_fft.c" ex="false" tool="0" flavor2="0">
      </item>
      <item path="src/encode_harmonics.c" ex="false" tool="0" flavor2="0">
      </item>
      <item path="src/encode_index.c" ex="false" tool="0" flavor2="0">
      </item>
      <item path="src/encode_pitch.c" ex="false" tool="0" flavor2="0">
      </item>
      <item path="src/encode_vqbest.c" ex="false" tool="0" flavor2="0">
      </item>
    </conf>
  </confs>
</configurationDescriptor>
